<?xml version="1.0"?>
<Runs Version="1" Minor="0">
	<Run Id="BIN_vers_GRAY_xup_xor2_2_0_synth_1" LaunchDir="C:/Users/james/Lab3/Lab3.runs/BIN_vers_GRAY_xup_xor2_2_0_synth_1" FlowId="Vivado_Synthesis" FromStepId="vivado" ToStepId="vivado"/>
	<Run Id="BIN_vers_GRAY_ATAD_SPLIT_4_0_0_synth_1" LaunchDir="C:/Users/james/Lab3/Lab3.runs/BIN_vers_GRAY_ATAD_SPLIT_4_0_0_synth_1" FlowId="Vivado_Synthesis" FromStepId="vivado" ToStepId="vivado"/>
	<Run Id="BIN_vers_GRAY_xup_xor2_0_0_synth_1" LaunchDir="C:/Users/james/Lab3/Lab3.runs/BIN_vers_GRAY_xup_xor2_0_0_synth_1" FlowId="Vivado_Synthesis" FromStepId="vivado" ToStepId="vivado" IsOrderedIPRun="true">
		<Parent Id="BIN_vers_GRAY_xup_xor2_2_0_synth_1"/>
	</Run>
	<Run Id="BIN_vers_GRAY_xup_xor2_1_0_synth_1" LaunchDir="C:/Users/james/Lab3/Lab3.runs/BIN_vers_GRAY_xup_xor2_1_0_synth_1" FlowId="Vivado_Synthesis" FromStepId="vivado" ToStepId="vivado" IsOrderedIPRun="true">
		<Parent Id="BIN_vers_GRAY_xup_xor2_2_0_synth_1"/>
	</Run>
	<Run Id="synth_1" LaunchDir="C:/Users/james/Lab3/Lab3.runs/synth_1" FlowId="Vivado_Synthesis" FromStepId="vivado" ToStepId="vivado">
		<Parent Id="BIN_vers_GRAY_xup_xor2_2_0_synth_1"/>
		<Parent Id="BIN_vers_GRAY_ATAD_SPLIT_4_0_0_synth_1"/>
		<Parent Id="BIN_vers_GRAY_xup_xor2_0_0_synth_1"/>
		<Parent Id="BIN_vers_GRAY_xup_xor2_1_0_synth_1"/>
	</Run>
	<Parameters>
		<Parameter Name="runs.monitorLSFJobs" Val="true" Type="bool"/>
		<Parameter Name="runs.enableClusterConf" Val="true" Type="bool"/>
	</Parameters>
</Runs>

