<?xml version="1.0"?>
<Runs Version="1" Minor="0">
	<Run Id="labo3_MUX3_1_4B_0_0_synth_1" LaunchDir="C:/Users/james/Lab3/Lab3.runs/labo3_MUX3_1_4B_0_0_synth_1" FlowId="Vivado_Synthesis" FromStepId="vivado" ToStepId="vivado"/>
	<Run Id="labo3_BIN_vers_GRAY_0_0_synth_1" LaunchDir="C:/Users/james/Lab3/Lab3.runs/labo3_BIN_vers_GRAY_0_0_synth_1" FlowId="Vivado_Synthesis" FromStepId="vivado" ToStepId="vivado"/>
	<Run Id="labo3_DIVISION_0_0_synth_1" LaunchDir="C:/Users/james/Lab3/Lab3.runs/labo3_DIVISION_0_0_synth_1" FlowId="Vivado_Synthesis" FromStepId="vivado" ToStepId="vivado"/>
	<Run Id="labo3_CRYPTO_0_0_synth_1" LaunchDir="C:/Users/james/Lab3/Lab3.runs/labo3_CRYPTO_0_0_synth_1" FlowId="Vivado_Synthesis" FromStepId="vivado" ToStepId="vivado"/>
	<Run Id="synth_1" LaunchDir="C:/Users/james/Lab3/Lab3.runs/synth_1" FlowId="Vivado_Synthesis" FromStepId="vivado" ToStepId="vivado">
		<Parent Id="labo3_MUX3_1_4B_0_0_synth_1"/>
		<Parent Id="labo3_BIN_vers_GRAY_0_0_synth_1"/>
		<Parent Id="labo3_DIVISION_0_0_synth_1"/>
		<Parent Id="labo3_CRYPTO_0_0_synth_1"/>
	</Run>
	<Parameters>
		<Parameter Name="runs.monitorLSFJobs" Val="true" Type="bool"/>
		<Parameter Name="runs.enableClusterConf" Val="true" Type="bool"/>
	</Parameters>
</Runs>

