<?xml version="1.0" encoding="UTF-8"?>
<GenRun Id="impl_1" LaunchPart="xc7a100tcsg324-1" LaunchTime="1604701972">
  <File Type="BITSTR-BMM" Name="labo3_wrapper_bd.bmm"/>
  <File Type="OPT-METHODOLOGY-DRC" Name="labo3_wrapper_methodology_drc_opted.rpt"/>
  <File Type="INIT-TIMING" Name="labo3_wrapper_timing_summary_init.rpt"/>
  <File Type="ROUTE-PWR" Name="labo3_wrapper_power_routed.rpt"/>
  <File Type="PA-TCL" Name="labo3_wrapper.tcl"/>
  <File Type="OPT-TIMING" Name="labo3_wrapper_timing_summary_opted.rpt"/>
  <File Type="OPT-DCP" Name="labo3_wrapper_opt.dcp"/>
  <File Type="ROUTE-PWR-SUM" Name="labo3_wrapper_power_summary_routed.pb"/>
  <File Type="REPORTS-TCL" Name="labo3_wrapper_reports.tcl"/>
  <File Type="OPT-DRC" Name="labo3_wrapper_drc_opted.rpt"/>
  <File Type="OPT-HWDEF" Name="labo3_wrapper.hwdef"/>
  <File Type="PWROPT-DCP" Name="labo3_wrapper_pwropt.dcp"/>
  <File Type="PWROPT-DRC" Name="labo3_wrapper_drc_pwropted.rpt"/>
  <File Type="PWROPT-TIMING" Name="labo3_wrapper_timing_summary_pwropted.rpt"/>
  <File Type="PLACE-DCP" Name="labo3_wrapper_placed.dcp"/>
  <File Type="PLACE-IO" Name="labo3_wrapper_io_placed.rpt"/>
  <File Type="PLACE-CLK" Name="labo3_wrapper_clock_utilization_placed.rpt"/>
  <File Type="PLACE-UTIL" Name="labo3_wrapper_utilization_placed.rpt"/>
  <File Type="PLACE-UTIL-PB" Name="labo3_wrapper_utilization_placed.pb"/>
  <File Type="PLACE-CTRL" Name="labo3_wrapper_control_sets_placed.rpt"/>
  <File Type="PLACE-SIMILARITY" Name="labo3_wrapper_incremental_reuse_placed.rpt"/>
  <File Type="PLACE-PRE-SIMILARITY" Name="labo3_wrapper_incremental_reuse_pre_placed.rpt"/>
  <File Type="PLACE-TIMING" Name="labo3_wrapper_timing_summary_placed.rpt"/>
  <File Type="POSTPLACE-PWROPT-DCP" Name="labo3_wrapper_postplace_pwropt.dcp"/>
  <File Type="BG-BIN" Name="labo3_wrapper.bin"/>
  <File Type="POSTPLACE-PWROPT-TIMING" Name="labo3_wrapper_timing_summary_postplace_pwropted.rpt"/>
  <File Type="PHYSOPT-DCP" Name="labo3_wrapper_physopt.dcp"/>
  <File Type="PHYSOPT-DRC" Name="labo3_wrapper_drc_physopted.rpt"/>
  <File Type="BITSTR-MSK" Name="labo3_wrapper.msk"/>
  <File Type="PHYSOPT-TIMING" Name="labo3_wrapper_timing_summary_physopted.rpt"/>
  <File Type="ROUTE-ERROR-DCP" Name="labo3_wrapper_routed_error.dcp"/>
  <File Type="ROUTE-DCP" Name="labo3_wrapper_routed.dcp"/>
  <File Type="ROUTE-BLACKBOX-DCP" Name="labo3_wrapper_routed_bb.dcp"/>
  <File Type="ROUTE-DRC" Name="labo3_wrapper_drc_routed.rpt"/>
  <File Type="ROUTE-DRC-PB" Name="labo3_wrapper_drc_routed.pb"/>
  <File Type="ROUTE-DRC-RPX" Name="labo3_wrapper_drc_routed.rpx"/>
  <File Type="BITSTR-MMI" Name="labo3_wrapper.mmi"/>
  <File Type="ROUTE-METHODOLOGY-DRC" Name="labo3_wrapper_methodology_drc_routed.rpt"/>
  <File Type="ROUTE-METHODOLOGY-DRC-RPX" Name="labo3_wrapper_methodology_drc_routed.rpx"/>
  <File Type="ROUTE-METHODOLOGY-DRC-PB" Name="labo3_wrapper_methodology_drc_routed.pb"/>
  <File Type="ROUTE-PWR-RPX" Name="labo3_wrapper_power_routed.rpx"/>
  <File Type="ROUTE-STATUS" Name="labo3_wrapper_route_status.rpt"/>
  <File Type="ROUTE-STATUS-PB" Name="labo3_wrapper_route_status.pb"/>
  <File Type="ROUTE-TIMINGSUMMARY" Name="labo3_wrapper_timing_summary_routed.rpt"/>
  <File Type="ROUTE-TIMING-PB" Name="labo3_wrapper_timing_summary_routed.pb"/>
  <File Type="ROUTE-TIMING-RPX" Name="labo3_wrapper_timing_summary_routed.rpx"/>
  <File Type="ROUTE-SIMILARITY" Name="labo3_wrapper_incremental_reuse_routed.rpt"/>
  <File Type="ROUTE-CLK" Name="labo3_wrapper_clock_utilization_routed.rpt"/>
  <File Type="ROUTE-BUS-SKEW" Name="labo3_wrapper_bus_skew_routed.rpt"/>
  <File Type="ROUTE-BUS-SKEW-PB" Name="labo3_wrapper_bus_skew_routed.pb"/>
  <File Type="ROUTE-BUS-SKEW-RPX" Name="labo3_wrapper_bus_skew_routed.rpx"/>
  <File Type="POSTROUTE-PHYSOPT-DCP" Name="labo3_wrapper_postroute_physopt.dcp"/>
  <File Type="POSTROUTE-PHYSOPT-BLACKBOX-DCP" Name="labo3_wrapper_postroute_physopt_bb.dcp"/>
  <File Type="POSTROUTE-PHYSOPT-TIMING" Name="labo3_wrapper_timing_summary_postroute_physopted.rpt"/>
  <File Type="POSTROUTE-PHYSOPT-TIMING-PB" Name="labo3_wrapper_timing_summary_postroute_physopted.pb"/>
  <File Type="POSTROUTE-PHYSOPT-TIMING-RPX" Name="labo3_wrapper_timing_summary_postroute_physopted.rpx"/>
  <File Type="POSTROUTE-PHYSOPT-BUS-SKEW" Name="labo3_wrapper_bus_skew_postroute_physopted.rpt"/>
  <File Type="POSTROUTE-PHYSOPT-BUS-SKEW-PB" Name="labo3_wrapper_bus_skew_postroute_physopted.pb"/>
  <File Type="BG-BIT" Name="labo3_wrapper.bit"/>
  <File Type="POSTROUTE-PHYSOPT-BUS-SKEW-RPX" Name="labo3_wrapper_bus_skew_postroute_physopted.rpx"/>
  <File Type="BITSTR-RBT" Name="labo3_wrapper.rbt"/>
  <File Type="BITSTR-NKY" Name="labo3_wrapper.nky"/>
  <File Type="PDI-FILE" Name="labo3_wrapper.pdi"/>
  <File Type="RCFI_FILE" Name="labo3_wrapper.rcfi"/>
  <File Type="CFI_FILE" Name="labo3_wrapper.cfi"/>
  <File Type="RNPI_FILE" Name="labo3_wrapper.rnpi"/>
  <File Type="NPI_FILE" Name="labo3_wrapper.npi"/>
  <File Type="RBD_FILE" Name="labo3_wrapper.rbd"/>
  <File Type="BITSTR-LTX" Name="debug_nets.ltx"/>
  <File Type="BITSTR-LTX" Name="labo3_wrapper.ltx"/>
  <File Type="BITSTR-SYSDEF" Name="labo3_wrapper.sysdef"/>
  <File Type="BG-BGN" Name="labo3_wrapper.bgn"/>
  <File Type="BG-DRC" Name="labo3_wrapper.drc"/>
  <File Type="RDI-RDI" Name="labo3_wrapper.vdi"/>
  <File Type="WBT-USG" Name="usage_statistics_webtalk.html"/>
  <FileSet Name="sources" Type="DesignSrcs" RelSrcDir="$PSRCDIR/sources_1">
    <Filter Type="Srcs"/>
    <File Path="$PSRCDIR/sources_1/bd/labo3/labo3.bd">
      <FileInfo>
        <Attr Name="UsedIn" Val="synthesis"/>
        <Attr Name="UsedIn" Val="implementation"/>
        <Attr Name="UsedIn" Val="simulation"/>
      </FileInfo>
    </File>
    <File Path="$PSRCDIR/sources_1/bd/labo3/hdl/labo3_wrapper.vhd">
      <FileInfo>
        <Attr Name="UsedIn" Val="synthesis"/>
        <Attr Name="UsedIn" Val="simulation"/>
      </FileInfo>
    </File>
    <File Path="$PSRCDIR/sources_1/bd/BIN_vers_GRAY/BIN_vers_GRAY.bd">
      <FileInfo>
        <Attr Name="AutoDisabled" Val="1"/>
        <Attr Name="UsedIn" Val="synthesis"/>
        <Attr Name="UsedIn" Val="implementation"/>
        <Attr Name="UsedIn" Val="simulation"/>
      </FileInfo>
    </File>
    <File Path="$PSRCDIR/sources_1/bd/BIN_vers_GRAY/hdl/BIN_vers_GRAY_wrapper.vhd">
      <FileInfo>
        <Attr Name="AutoDisabled" Val="1"/>
        <Attr Name="UsedIn" Val="synthesis"/>
        <Attr Name="UsedIn" Val="simulation"/>
      </FileInfo>
    </File>
    <File Path="$PSRCDIR/sources_1/bd/MUX3_1_4B/MUX3_1_4B.bd">
      <FileInfo>
        <Attr Name="AutoDisabled" Val="1"/>
        <Attr Name="UsedIn" Val="synthesis"/>
        <Attr Name="UsedIn" Val="implementation"/>
        <Attr Name="UsedIn" Val="simulation"/>
      </FileInfo>
    </File>
    <File Path="$PSRCDIR/sources_1/bd/MUX3_1_1B/MUX3_1_1B.bd">
      <FileInfo>
        <Attr Name="AutoDisabled" Val="1"/>
        <Attr Name="UsedIn" Val="synthesis"/>
        <Attr Name="UsedIn" Val="implementation"/>
        <Attr Name="UsedIn" Val="simulation"/>
      </FileInfo>
    </File>
    <File Path="$PSRCDIR/sources_1/bd/DIVISION/DIVISION.bd">
      <FileInfo>
        <Attr Name="AutoDisabled" Val="1"/>
        <Attr Name="UsedIn" Val="synthesis"/>
        <Attr Name="UsedIn" Val="implementation"/>
        <Attr Name="UsedIn" Val="simulation"/>
      </FileInfo>
    </File>
    <File Path="$PSRCDIR/sources_1/bd/CRYPTO_1B_S3/CRYPTO_1B_S3.bd">
      <FileInfo>
        <Attr Name="AutoDisabled" Val="1"/>
        <Attr Name="UsedIn" Val="synthesis"/>
        <Attr Name="UsedIn" Val="implementation"/>
        <Attr Name="UsedIn" Val="simulation"/>
      </FileInfo>
    </File>
    <File Path="$PSRCDIR/sources_1/bd/CRYPTO_1B_S2/CRYPTO_1B_S2.bd">
      <FileInfo>
        <Attr Name="AutoDisabled" Val="1"/>
        <Attr Name="UsedIn" Val="synthesis"/>
        <Attr Name="UsedIn" Val="implementation"/>
        <Attr Name="UsedIn" Val="simulation"/>
      </FileInfo>
    </File>
    <File Path="$PSRCDIR/sources_1/bd/CRYPTO_1B_S1/CRYPTO_1B_S1.bd">
      <FileInfo>
        <Attr Name="AutoDisabled" Val="1"/>
        <Attr Name="UsedIn" Val="synthesis"/>
        <Attr Name="UsedIn" Val="implementation"/>
        <Attr Name="UsedIn" Val="simulation"/>
      </FileInfo>
    </File>
    <File Path="$PSRCDIR/sources_1/bd/CRYPTO_1B_S0/CRYPTO_1B_S0.bd">
      <FileInfo>
        <Attr Name="AutoDisabled" Val="1"/>
        <Attr Name="UsedIn" Val="synthesis"/>
        <Attr Name="UsedIn" Val="implementation"/>
        <Attr Name="UsedIn" Val="simulation"/>
      </FileInfo>
    </File>
    <File Path="$PSRCDIR/sources_1/bd/CRYPTO/CRYPTO.bd">
      <FileInfo>
        <Attr Name="AutoDisabled" Val="1"/>
        <Attr Name="UsedIn" Val="synthesis"/>
        <Attr Name="UsedIn" Val="implementation"/>
        <Attr Name="UsedIn" Val="simulation"/>
      </FileInfo>
    </File>
    <File Path="$PSRCDIR/sources_1/bd/MUX3_1_4B/hdl/MUX3_1_4B_wrapper.vhd">
      <FileInfo>
        <Attr Name="AutoDisabled" Val="1"/>
        <Attr Name="UsedIn" Val="synthesis"/>
        <Attr Name="UsedIn" Val="simulation"/>
      </FileInfo>
    </File>
    <File Path="$PSRCDIR/sources_1/bd/DIVISION/hdl/DIVISION_wrapper.vhd">
      <FileInfo>
        <Attr Name="AutoDisabled" Val="1"/>
        <Attr Name="UsedIn" Val="synthesis"/>
        <Attr Name="UsedIn" Val="simulation"/>
      </FileInfo>
    </File>
    <File Path="$PSRCDIR/sources_1/bd/MUX3_1_1B/hdl/MUX3_1_1B_wrapper.vhd">
      <FileInfo>
        <Attr Name="AutoDisabled" Val="1"/>
        <Attr Name="UsedIn" Val="synthesis"/>
        <Attr Name="UsedIn" Val="simulation"/>
      </FileInfo>
    </File>
    <File Path="$PSRCDIR/sources_1/bd/CRYPTO_1B_S3/hdl/CRYPTO_1B_S3_wrapper.vhd">
      <FileInfo>
        <Attr Name="AutoDisabled" Val="1"/>
        <Attr Name="UsedIn" Val="synthesis"/>
        <Attr Name="UsedIn" Val="simulation"/>
      </FileInfo>
    </File>
    <File Path="$PSRCDIR/sources_1/bd/CRYPTO_1B_S2/hdl/CRYPTO_1B_S2_wrapper.vhd">
      <FileInfo>
        <Attr Name="AutoDisabled" Val="1"/>
        <Attr Name="UsedIn" Val="synthesis"/>
        <Attr Name="UsedIn" Val="simulation"/>
      </FileInfo>
    </File>
    <File Path="$PSRCDIR/sources_1/bd/CRYPTO_1B_S1/hdl/CRYPTO_1B_S1_wrapper.vhd">
      <FileInfo>
        <Attr Name="AutoDisabled" Val="1"/>
        <Attr Name="UsedIn" Val="synthesis"/>
        <Attr Name="UsedIn" Val="simulation"/>
      </FileInfo>
    </File>
    <File Path="$PSRCDIR/sources_1/bd/CRYPTO_1B_S0/hdl/CRYPTO_1B_S0_wrapper.vhd">
      <FileInfo>
        <Attr Name="AutoDisabled" Val="1"/>
        <Attr Name="UsedIn" Val="synthesis"/>
        <Attr Name="UsedIn" Val="simulation"/>
      </FileInfo>
    </File>
    <File Path="$PSRCDIR/sources_1/bd/CRYPTO/hdl/CRYPTO_wrapper.vhd">
      <FileInfo>
        <Attr Name="AutoDisabled" Val="1"/>
        <Attr Name="UsedIn" Val="synthesis"/>
        <Attr Name="UsedIn" Val="simulation"/>
      </FileInfo>
    </File>
    <Config>
      <Option Name="DesignMode" Val="RTL"/>
      <Option Name="TopModule" Val="labo3_wrapper"/>
    </Config>
  </FileSet>
  <FileSet Name="constrs_in" Type="Constrs" RelSrcDir="$PSRCDIR/constrs_1">
    <Filter Type="Constrs"/>
    <File Path="$PPRDIR/../Downloads/labo3.xdc">
      <FileInfo>
        <Attr Name="UsedIn" Val="synthesis"/>
        <Attr Name="UsedIn" Val="implementation"/>
      </FileInfo>
    </File>
    <Config>
      <Option Name="ConstrsType" Val="XDC"/>
    </Config>
  </FileSet>
  <FileSet Name="utils" Type="Utils" RelSrcDir="$PSRCDIR/utils_1">
    <Filter Type="Utils"/>
    <Config>
      <Option Name="TopAutoSet" Val="TRUE"/>
    </Config>
  </FileSet>
  <Strategy Version="1" Minor="2">
    <StratHandle Name="Vivado Implementation Defaults" Flow="Vivado Implementation 2020"/>
    <Step Id="init_design"/>
    <Step Id="opt_design"/>
    <Step Id="power_opt_design"/>
    <Step Id="place_design"/>
    <Step Id="post_place_power_opt_design"/>
    <Step Id="phys_opt_design"/>
    <Step Id="route_design"/>
    <Step Id="post_route_phys_opt_design"/>
    <Step Id="write_bitstream"/>
  </Strategy>
  <BlockFileSet Type="BlockSrcs" Name="labo3_MUX3_1_4B_0_0"/>
  <BlockFileSet Type="BlockSrcs" Name="BIN_vers_GRAY_xup_xor2_2_0"/>
  <BlockFileSet Type="BlockSrcs" Name="labo3_DIVISION_0_0"/>
  <BlockFileSet Type="BlockSrcs" Name="BIN_vers_GRAY_ATAD_SPLIT_4_0_0"/>
  <BlockFileSet Type="BlockSrcs" Name="BIN_vers_GRAY_xup_xor2_0_0"/>
  <BlockFileSet Type="BlockSrcs" Name="BIN_vers_GRAY_xup_xor2_1_0"/>
  <BlockFileSet Type="BlockSrcs" Name="labo3_BIN_vers_GRAY_0_0"/>
  <BlockFileSet Type="BlockSrcs" Name="labo3_CRYPTO_0_0"/>
</GenRun>
