<?xml version="1.0" encoding="UTF-8"?>
<spirit:component xmlns:xilinx="http://www.xilinx.com" xmlns:spirit="http://www.spiritconsortium.org/XMLSchema/SPIRIT/1685-2009" xmlns:xsi="http://www.w3.org/2001/XMLSchema-instance">
  <spirit:vendor>xilinx.com</spirit:vendor>
  <spirit:library>user</spirit:library>
  <spirit:name>MUX3_1_1B</spirit:name>
  <spirit:version>1.0</spirit:version>
  <spirit:model>
    <spirit:views>
      <spirit:view>
        <spirit:name>xilinx_anylanguagesynthesis</spirit:name>
        <spirit:displayName>Synthesis</spirit:displayName>
        <spirit:envIdentifier>:vivado.xilinx.com:synthesis</spirit:envIdentifier>
        <spirit:language>VHDL</spirit:language>
        <spirit:modelName>MUX3_1_1B</spirit:modelName>
        <spirit:fileSetRef>
          <spirit:localName>xilinx_anylanguagesynthesis_xilinx_com_xup_xup_or4_1_0__ref_view_fileset</spirit:localName>
        </spirit:fileSetRef>
        <spirit:fileSetRef>
          <spirit:localName>xilinx_anylanguagesynthesis_xilinx_com_user_ATAD_SPLIT_2_1_0__ref_view_fileset</spirit:localName>
        </spirit:fileSetRef>
        <spirit:fileSetRef>
          <spirit:localName>xilinx_anylanguagesynthesis_xilinx_com_xup_xup_and3_1_0__ref_view_fileset</spirit:localName>
        </spirit:fileSetRef>
        <spirit:fileSetRef>
          <spirit:localName>xilinx_anylanguagesynthesis_xilinx_com_xup_xup_and4_1_0__ref_view_fileset</spirit:localName>
        </spirit:fileSetRef>
        <spirit:fileSetRef>
          <spirit:localName>xilinx_anylanguagesynthesis_xilinx_com_xup_xup_nand2_1_0__ref_view_fileset</spirit:localName>
        </spirit:fileSetRef>
        <spirit:fileSetRef>
          <spirit:localName>xilinx_anylanguagesynthesis_view_fileset</spirit:localName>
        </spirit:fileSetRef>
        <spirit:parameters>
          <spirit:parameter>
            <spirit:name>viewChecksum</spirit:name>
            <spirit:value>4e63a346</spirit:value>
          </spirit:parameter>
        </spirit:parameters>
      </spirit:view>
      <spirit:view>
        <spirit:name>xilinx_anylanguagebehavioralsimulation</spirit:name>
        <spirit:displayName>Simulation</spirit:displayName>
        <spirit:envIdentifier>:vivado.xilinx.com:simulation</spirit:envIdentifier>
        <spirit:language>VHDL</spirit:language>
        <spirit:modelName>MUX3_1_1B</spirit:modelName>
        <spirit:fileSetRef>
          <spirit:localName>xilinx_anylanguagebehavioralsimulation_xilinx_com_xup_xup_or4_1_0__ref_view_fileset</spirit:localName>
        </spirit:fileSetRef>
        <spirit:fileSetRef>
          <spirit:localName>xilinx_anylanguagebehavioralsimulation_xilinx_com_user_ATAD_SPLIT_2_1_0__ref_view_fileset</spirit:localName>
        </spirit:fileSetRef>
        <spirit:fileSetRef>
          <spirit:localName>xilinx_anylanguagebehavioralsimulation_xilinx_com_xup_xup_and3_1_0__ref_view_fileset</spirit:localName>
        </spirit:fileSetRef>
        <spirit:fileSetRef>
          <spirit:localName>xilinx_anylanguagebehavioralsimulation_xilinx_com_xup_xup_and4_1_0__ref_view_fileset</spirit:localName>
        </spirit:fileSetRef>
        <spirit:fileSetRef>
          <spirit:localName>xilinx_anylanguagebehavioralsimulation_xilinx_com_xup_xup_nand2_1_0__ref_view_fileset</spirit:localName>
        </spirit:fileSetRef>
        <spirit:fileSetRef>
          <spirit:localName>xilinx_anylanguagebehavioralsimulation_view_fileset</spirit:localName>
        </spirit:fileSetRef>
        <spirit:parameters>
          <spirit:parameter>
            <spirit:name>viewChecksum</spirit:name>
            <spirit:value>5b2321b6</spirit:value>
          </spirit:parameter>
        </spirit:parameters>
      </spirit:view>
      <spirit:view>
        <spirit:name>xilinx_xpgui</spirit:name>
        <spirit:displayName>UI Layout</spirit:displayName>
        <spirit:envIdentifier>:vivado.xilinx.com:xgui.ui</spirit:envIdentifier>
        <spirit:fileSetRef>
          <spirit:localName>xilinx_xpgui_view_fileset</spirit:localName>
        </spirit:fileSetRef>
        <spirit:parameters>
          <spirit:parameter>
            <spirit:name>viewChecksum</spirit:name>
            <spirit:value>f64a5dae</spirit:value>
          </spirit:parameter>
        </spirit:parameters>
      </spirit:view>
    </spirit:views>
    <spirit:ports>
      <spirit:port>
        <spirit:name>A</spirit:name>
        <spirit:wire>
          <spirit:direction>in</spirit:direction>
          <spirit:wireTypeDefs>
            <spirit:wireTypeDef>
              <spirit:typeName>STD_LOGIC</spirit:typeName>
              <spirit:viewNameRef>xilinx_anylanguagesynthesis</spirit:viewNameRef>
              <spirit:viewNameRef>xilinx_anylanguagebehavioralsimulation</spirit:viewNameRef>
            </spirit:wireTypeDef>
          </spirit:wireTypeDefs>
        </spirit:wire>
      </spirit:port>
      <spirit:port>
        <spirit:name>B</spirit:name>
        <spirit:wire>
          <spirit:direction>in</spirit:direction>
          <spirit:wireTypeDefs>
            <spirit:wireTypeDef>
              <spirit:typeName>STD_LOGIC</spirit:typeName>
              <spirit:viewNameRef>xilinx_anylanguagesynthesis</spirit:viewNameRef>
              <spirit:viewNameRef>xilinx_anylanguagebehavioralsimulation</spirit:viewNameRef>
            </spirit:wireTypeDef>
          </spirit:wireTypeDefs>
        </spirit:wire>
      </spirit:port>
      <spirit:port>
        <spirit:name>C</spirit:name>
        <spirit:wire>
          <spirit:direction>in</spirit:direction>
          <spirit:wireTypeDefs>
            <spirit:wireTypeDef>
              <spirit:typeName>STD_LOGIC</spirit:typeName>
              <spirit:viewNameRef>xilinx_anylanguagesynthesis</spirit:viewNameRef>
              <spirit:viewNameRef>xilinx_anylanguagebehavioralsimulation</spirit:viewNameRef>
            </spirit:wireTypeDef>
          </spirit:wireTypeDefs>
        </spirit:wire>
      </spirit:port>
      <spirit:port>
        <spirit:name>S</spirit:name>
        <spirit:wire>
          <spirit:direction>out</spirit:direction>
          <spirit:wireTypeDefs>
            <spirit:wireTypeDef>
              <spirit:typeName>STD_LOGIC</spirit:typeName>
              <spirit:viewNameRef>xilinx_anylanguagesynthesis</spirit:viewNameRef>
              <spirit:viewNameRef>xilinx_anylanguagebehavioralsimulation</spirit:viewNameRef>
            </spirit:wireTypeDef>
          </spirit:wireTypeDefs>
        </spirit:wire>
      </spirit:port>
      <spirit:port>
        <spirit:name>SEL</spirit:name>
        <spirit:wire>
          <spirit:direction>in</spirit:direction>
          <spirit:vector>
            <spirit:left spirit:format="long">1</spirit:left>
            <spirit:right spirit:format="long">0</spirit:right>
          </spirit:vector>
          <spirit:wireTypeDefs>
            <spirit:wireTypeDef>
              <spirit:typeName>STD_LOGIC_VECTOR</spirit:typeName>
              <spirit:viewNameRef>xilinx_anylanguagesynthesis</spirit:viewNameRef>
              <spirit:viewNameRef>xilinx_anylanguagebehavioralsimulation</spirit:viewNameRef>
            </spirit:wireTypeDef>
          </spirit:wireTypeDefs>
        </spirit:wire>
      </spirit:port>
    </spirit:ports>
  </spirit:model>
  <spirit:fileSets>
    <spirit:fileSet>
      <spirit:name>xilinx_anylanguagesynthesis_view_fileset</spirit:name>
      <spirit:file>
        <spirit:name>src/MUX3_1_1B_xup_or4_0_0/MUX3_1_1B_xup_or4_0_0.xci</spirit:name>
        <spirit:userFileType>xci</spirit:userFileType>
        <spirit:userFileType>IMPORTED_FILE</spirit:userFileType>
        <spirit:define>
          <spirit:name>processing_order</spirit:name>
          <spirit:value>early</spirit:value>
        </spirit:define>
      </spirit:file>
      <spirit:file>
        <spirit:name>src/MUX3_1_1B_ATAD_SPLIT_2_0_0/MUX3_1_1B_ATAD_SPLIT_2_0_0.xci</spirit:name>
        <spirit:userFileType>xci</spirit:userFileType>
        <spirit:userFileType>IMPORTED_FILE</spirit:userFileType>
        <spirit:define>
          <spirit:name>processing_order</spirit:name>
          <spirit:value>early</spirit:value>
        </spirit:define>
      </spirit:file>
      <spirit:file>
        <spirit:name>src/MUX3_1_1B_xup_and3_0_0/MUX3_1_1B_xup_and3_0_0.xci</spirit:name>
        <spirit:userFileType>xci</spirit:userFileType>
        <spirit:userFileType>IMPORTED_FILE</spirit:userFileType>
        <spirit:define>
          <spirit:name>processing_order</spirit:name>
          <spirit:value>early</spirit:value>
        </spirit:define>
      </spirit:file>
      <spirit:file>
        <spirit:name>src/MUX3_1_1B_xup_and3_1_0/MUX3_1_1B_xup_and3_1_0.xci</spirit:name>
        <spirit:userFileType>xci</spirit:userFileType>
        <spirit:userFileType>IMPORTED_FILE</spirit:userFileType>
        <spirit:define>
          <spirit:name>processing_order</spirit:name>
          <spirit:value>early</spirit:value>
        </spirit:define>
      </spirit:file>
      <spirit:file>
        <spirit:name>src/MUX3_1_1B_xup_and3_2_0/MUX3_1_1B_xup_and3_2_0.xci</spirit:name>
        <spirit:userFileType>xci</spirit:userFileType>
        <spirit:userFileType>IMPORTED_FILE</spirit:userFileType>
        <spirit:define>
          <spirit:name>processing_order</spirit:name>
          <spirit:value>early</spirit:value>
        </spirit:define>
      </spirit:file>
      <spirit:file>
        <spirit:name>src/MUX3_1_1B_xup_and4_0_0/MUX3_1_1B_xup_and4_0_0.xci</spirit:name>
        <spirit:userFileType>xci</spirit:userFileType>
        <spirit:userFileType>IMPORTED_FILE</spirit:userFileType>
        <spirit:define>
          <spirit:name>processing_order</spirit:name>
          <spirit:value>early</spirit:value>
        </spirit:define>
      </spirit:file>
      <spirit:file>
        <spirit:name>src/MUX3_1_1B_xup_nand2_0_0/MUX3_1_1B_xup_nand2_0_0.xci</spirit:name>
        <spirit:userFileType>xci</spirit:userFileType>
        <spirit:userFileType>IMPORTED_FILE</spirit:userFileType>
        <spirit:define>
          <spirit:name>processing_order</spirit:name>
          <spirit:value>early</spirit:value>
        </spirit:define>
      </spirit:file>
      <spirit:file>
        <spirit:name>src/MUX3_1_1B_xup_nand2_1_0/MUX3_1_1B_xup_nand2_1_0.xci</spirit:name>
        <spirit:userFileType>xci</spirit:userFileType>
        <spirit:userFileType>IMPORTED_FILE</spirit:userFileType>
        <spirit:define>
          <spirit:name>processing_order</spirit:name>
          <spirit:value>early</spirit:value>
        </spirit:define>
      </spirit:file>
      <spirit:file>
        <spirit:name>src/MUX3_1_1B_xup_nand2_2_0/MUX3_1_1B_xup_nand2_2_0.xci</spirit:name>
        <spirit:userFileType>xci</spirit:userFileType>
        <spirit:userFileType>IMPORTED_FILE</spirit:userFileType>
        <spirit:define>
          <spirit:name>processing_order</spirit:name>
          <spirit:value>early</spirit:value>
        </spirit:define>
      </spirit:file>
      <spirit:file>
        <spirit:name>src/MUX3_1_1B_xup_or4_0_1/MUX3_1_1B_xup_or4_0_1.xci</spirit:name>
        <spirit:userFileType>xci</spirit:userFileType>
        <spirit:userFileType>IMPORTED_FILE</spirit:userFileType>
        <spirit:userFileType>CELL_NAME_xup_or4_0</spirit:userFileType>
      </spirit:file>
      <spirit:file>
        <spirit:name>src/MUX3_1_1B_ATAD_SPLIT_2_0_1/MUX3_1_1B_ATAD_SPLIT_2_0_1.xci</spirit:name>
        <spirit:userFileType>xci</spirit:userFileType>
        <spirit:userFileType>IMPORTED_FILE</spirit:userFileType>
        <spirit:userFileType>CELL_NAME_ATAD_SPLIT_2_0</spirit:userFileType>
      </spirit:file>
      <spirit:file>
        <spirit:name>src/MUX3_1_1B_xup_and3_0_1/MUX3_1_1B_xup_and3_0_1.xci</spirit:name>
        <spirit:userFileType>xci</spirit:userFileType>
        <spirit:userFileType>IMPORTED_FILE</spirit:userFileType>
        <spirit:userFileType>CELL_NAME_xup_and3_0</spirit:userFileType>
      </spirit:file>
      <spirit:file>
        <spirit:name>src/MUX3_1_1B_xup_and3_1_1/MUX3_1_1B_xup_and3_1_1.xci</spirit:name>
        <spirit:userFileType>xci</spirit:userFileType>
        <spirit:userFileType>IMPORTED_FILE</spirit:userFileType>
        <spirit:userFileType>CELL_NAME_xup_and3_1</spirit:userFileType>
      </spirit:file>
      <spirit:file>
        <spirit:name>src/MUX3_1_1B_xup_and3_2_1/MUX3_1_1B_xup_and3_2_1.xci</spirit:name>
        <spirit:userFileType>xci</spirit:userFileType>
        <spirit:userFileType>IMPORTED_FILE</spirit:userFileType>
        <spirit:userFileType>CELL_NAME_xup_and3_2</spirit:userFileType>
      </spirit:file>
      <spirit:file>
        <spirit:name>src/MUX3_1_1B_xup_and4_0_1/MUX3_1_1B_xup_and4_0_1.xci</spirit:name>
        <spirit:userFileType>xci</spirit:userFileType>
        <spirit:userFileType>IMPORTED_FILE</spirit:userFileType>
        <spirit:userFileType>CELL_NAME_xup_and4_0</spirit:userFileType>
      </spirit:file>
      <spirit:file>
        <spirit:name>src/MUX3_1_1B_xup_nand2_0_1/MUX3_1_1B_xup_nand2_0_1.xci</spirit:name>
        <spirit:userFileType>xci</spirit:userFileType>
        <spirit:userFileType>IMPORTED_FILE</spirit:userFileType>
        <spirit:userFileType>CELL_NAME_xup_nand2_0</spirit:userFileType>
      </spirit:file>
      <spirit:file>
        <spirit:name>src/MUX3_1_1B_xup_nand2_1_1/MUX3_1_1B_xup_nand2_1_1.xci</spirit:name>
        <spirit:userFileType>xci</spirit:userFileType>
        <spirit:userFileType>IMPORTED_FILE</spirit:userFileType>
        <spirit:userFileType>CELL_NAME_xup_nand2_1</spirit:userFileType>
      </spirit:file>
      <spirit:file>
        <spirit:name>src/MUX3_1_1B_xup_nand2_2_1/MUX3_1_1B_xup_nand2_2_1.xci</spirit:name>
        <spirit:userFileType>xci</spirit:userFileType>
        <spirit:userFileType>IMPORTED_FILE</spirit:userFileType>
        <spirit:userFileType>CELL_NAME_xup_nand2_2</spirit:userFileType>
      </spirit:file>
      <spirit:file>
        <spirit:name>src/MUX3_1_1B_ooc.xdc</spirit:name>
        <spirit:userFileType>xdc</spirit:userFileType>
        <spirit:userFileType>IMPORTED_FILE</spirit:userFileType>
        <spirit:userFileType>SCOPED_TO_REF_MUX3_1_1B</spirit:userFileType>
        <spirit:userFileType>USED_IN_out_of_context</spirit:userFileType>
      </spirit:file>
      <spirit:file>
        <spirit:name>src/MUX3_1_1B.vhd</spirit:name>
        <spirit:fileType>vhdlSource</spirit:fileType>
        <spirit:userFileType>CHECKSUM_ba76a75d</spirit:userFileType>
        <spirit:userFileType>IMPORTED_FILE</spirit:userFileType>
        <spirit:define>
          <spirit:name>processing_order</spirit:name>
          <spirit:value>early</spirit:value>
        </spirit:define>
      </spirit:file>
    </spirit:fileSet>
    <spirit:fileSet>
      <spirit:name>xilinx_anylanguagesynthesis_xilinx_com_xup_xup_or4_1_0__ref_view_fileset</spirit:name>
      <spirit:vendorExtensions>
        <xilinx:subCoreRef>
          <xilinx:componentRef xsi:type="xilinx:componentRefType" xilinx:vendor="xilinx.com" xilinx:library="xup" xilinx:name="xup_or4" xilinx:version="1.0">
            <xilinx:mode xilinx:name="create_mode"/>
          </xilinx:componentRef>
        </xilinx:subCoreRef>
      </spirit:vendorExtensions>
    </spirit:fileSet>
    <spirit:fileSet>
      <spirit:name>xilinx_anylanguagesynthesis_xilinx_com_user_ATAD_SPLIT_2_1_0__ref_view_fileset</spirit:name>
      <spirit:vendorExtensions>
        <xilinx:subCoreRef>
          <xilinx:componentRef xilinx:vendor="xilinx.com" xilinx:library="user" xilinx:name="ATAD_SPLIT_2" xilinx:version="1.0">
            <xilinx:mode xilinx:name="create_mode"/>
          </xilinx:componentRef>
        </xilinx:subCoreRef>
      </spirit:vendorExtensions>
    </spirit:fileSet>
    <spirit:fileSet>
      <spirit:name>xilinx_anylanguagesynthesis_xilinx_com_xup_xup_and3_1_0__ref_view_fileset</spirit:name>
      <spirit:vendorExtensions>
        <xilinx:subCoreRef>
          <xilinx:componentRef xilinx:vendor="xilinx.com" xilinx:library="xup" xilinx:name="xup_and3" xilinx:version="1.0">
            <xilinx:mode xilinx:name="create_mode"/>
          </xilinx:componentRef>
        </xilinx:subCoreRef>
      </spirit:vendorExtensions>
    </spirit:fileSet>
    <spirit:fileSet>
      <spirit:name>xilinx_anylanguagesynthesis_xilinx_com_xup_xup_and4_1_0__ref_view_fileset</spirit:name>
      <spirit:vendorExtensions>
        <xilinx:subCoreRef>
          <xilinx:componentRef xilinx:vendor="xilinx.com" xilinx:library="xup" xilinx:name="xup_and4" xilinx:version="1.0">
            <xilinx:mode xilinx:name="create_mode"/>
          </xilinx:componentRef>
        </xilinx:subCoreRef>
      </spirit:vendorExtensions>
    </spirit:fileSet>
    <spirit:fileSet>
      <spirit:name>xilinx_anylanguagesynthesis_xilinx_com_xup_xup_nand2_1_0__ref_view_fileset</spirit:name>
      <spirit:vendorExtensions>
        <xilinx:subCoreRef>
          <xilinx:componentRef xilinx:vendor="xilinx.com" xilinx:library="xup" xilinx:name="xup_nand2" xilinx:version="1.0">
            <xilinx:mode xilinx:name="create_mode"/>
          </xilinx:componentRef>
        </xilinx:subCoreRef>
      </spirit:vendorExtensions>
    </spirit:fileSet>
    <spirit:fileSet>
      <spirit:name>xilinx_anylanguagebehavioralsimulation_view_fileset</spirit:name>
      <spirit:file>
        <spirit:name>src/MUX3_1_1B_xup_or4_0_0/MUX3_1_1B_xup_or4_0_0.xci</spirit:name>
        <spirit:userFileType>xci</spirit:userFileType>
        <spirit:userFileType>IMPORTED_FILE</spirit:userFileType>
        <spirit:define>
          <spirit:name>processing_order</spirit:name>
          <spirit:value>early</spirit:value>
        </spirit:define>
      </spirit:file>
      <spirit:file>
        <spirit:name>src/MUX3_1_1B_ATAD_SPLIT_2_0_0/MUX3_1_1B_ATAD_SPLIT_2_0_0.xci</spirit:name>
        <spirit:userFileType>xci</spirit:userFileType>
        <spirit:userFileType>IMPORTED_FILE</spirit:userFileType>
        <spirit:define>
          <spirit:name>processing_order</spirit:name>
          <spirit:value>early</spirit:value>
        </spirit:define>
      </spirit:file>
      <spirit:file>
        <spirit:name>src/MUX3_1_1B_xup_and3_0_0/MUX3_1_1B_xup_and3_0_0.xci</spirit:name>
        <spirit:userFileType>xci</spirit:userFileType>
        <spirit:userFileType>IMPORTED_FILE</spirit:userFileType>
        <spirit:define>
          <spirit:name>processing_order</spirit:name>
          <spirit:value>early</spirit:value>
        </spirit:define>
      </spirit:file>
      <spirit:file>
        <spirit:name>src/MUX3_1_1B_xup_and3_1_0/MUX3_1_1B_xup_and3_1_0.xci</spirit:name>
        <spirit:userFileType>xci</spirit:userFileType>
        <spirit:userFileType>IMPORTED_FILE</spirit:userFileType>
        <spirit:define>
          <spirit:name>processing_order</spirit:name>
          <spirit:value>early</spirit:value>
        </spirit:define>
      </spirit:file>
      <spirit:file>
        <spirit:name>src/MUX3_1_1B_xup_and3_2_0/MUX3_1_1B_xup_and3_2_0.xci</spirit:name>
        <spirit:userFileType>xci</spirit:userFileType>
        <spirit:userFileType>IMPORTED_FILE</spirit:userFileType>
        <spirit:define>
          <spirit:name>processing_order</spirit:name>
          <spirit:value>early</spirit:value>
        </spirit:define>
      </spirit:file>
      <spirit:file>
        <spirit:name>src/MUX3_1_1B_xup_and4_0_0/MUX3_1_1B_xup_and4_0_0.xci</spirit:name>
        <spirit:userFileType>xci</spirit:userFileType>
        <spirit:userFileType>IMPORTED_FILE</spirit:userFileType>
        <spirit:define>
          <spirit:name>processing_order</spirit:name>
          <spirit:value>early</spirit:value>
        </spirit:define>
      </spirit:file>
      <spirit:file>
        <spirit:name>src/MUX3_1_1B_xup_nand2_0_0/MUX3_1_1B_xup_nand2_0_0.xci</spirit:name>
        <spirit:userFileType>xci</spirit:userFileType>
        <spirit:userFileType>IMPORTED_FILE</spirit:userFileType>
        <spirit:define>
          <spirit:name>processing_order</spirit:name>
          <spirit:value>early</spirit:value>
        </spirit:define>
      </spirit:file>
      <spirit:file>
        <spirit:name>src/MUX3_1_1B_xup_nand2_1_0/MUX3_1_1B_xup_nand2_1_0.xci</spirit:name>
        <spirit:userFileType>xci</spirit:userFileType>
        <spirit:userFileType>IMPORTED_FILE</spirit:userFileType>
        <spirit:define>
          <spirit:name>processing_order</spirit:name>
          <spirit:value>early</spirit:value>
        </spirit:define>
      </spirit:file>
      <spirit:file>
        <spirit:name>src/MUX3_1_1B_xup_nand2_2_0/MUX3_1_1B_xup_nand2_2_0.xci</spirit:name>
        <spirit:userFileType>xci</spirit:userFileType>
        <spirit:userFileType>IMPORTED_FILE</spirit:userFileType>
        <spirit:define>
          <spirit:name>processing_order</spirit:name>
          <spirit:value>early</spirit:value>
        </spirit:define>
      </spirit:file>
      <spirit:file>
        <spirit:name>src/MUX3_1_1B_xup_or4_0_1/MUX3_1_1B_xup_or4_0_1.xci</spirit:name>
        <spirit:userFileType>xci</spirit:userFileType>
        <spirit:userFileType>IMPORTED_FILE</spirit:userFileType>
        <spirit:userFileType>CELL_NAME_xup_or4_0</spirit:userFileType>
      </spirit:file>
      <spirit:file>
        <spirit:name>src/MUX3_1_1B_ATAD_SPLIT_2_0_1/MUX3_1_1B_ATAD_SPLIT_2_0_1.xci</spirit:name>
        <spirit:userFileType>xci</spirit:userFileType>
        <spirit:userFileType>IMPORTED_FILE</spirit:userFileType>
        <spirit:userFileType>CELL_NAME_ATAD_SPLIT_2_0</spirit:userFileType>
      </spirit:file>
      <spirit:file>
        <spirit:name>src/MUX3_1_1B_xup_and3_0_1/MUX3_1_1B_xup_and3_0_1.xci</spirit:name>
        <spirit:userFileType>xci</spirit:userFileType>
        <spirit:userFileType>IMPORTED_FILE</spirit:userFileType>
        <spirit:userFileType>CELL_NAME_xup_and3_0</spirit:userFileType>
      </spirit:file>
      <spirit:file>
        <spirit:name>src/MUX3_1_1B_xup_and3_1_1/MUX3_1_1B_xup_and3_1_1.xci</spirit:name>
        <spirit:userFileType>xci</spirit:userFileType>
        <spirit:userFileType>IMPORTED_FILE</spirit:userFileType>
        <spirit:userFileType>CELL_NAME_xup_and3_1</spirit:userFileType>
      </spirit:file>
      <spirit:file>
        <spirit:name>src/MUX3_1_1B_xup_and3_2_1/MUX3_1_1B_xup_and3_2_1.xci</spirit:name>
        <spirit:userFileType>xci</spirit:userFileType>
        <spirit:userFileType>IMPORTED_FILE</spirit:userFileType>
        <spirit:userFileType>CELL_NAME_xup_and3_2</spirit:userFileType>
      </spirit:file>
      <spirit:file>
        <spirit:name>src/MUX3_1_1B_xup_and4_0_1/MUX3_1_1B_xup_and4_0_1.xci</spirit:name>
        <spirit:userFileType>xci</spirit:userFileType>
        <spirit:userFileType>IMPORTED_FILE</spirit:userFileType>
        <spirit:userFileType>CELL_NAME_xup_and4_0</spirit:userFileType>
      </spirit:file>
      <spirit:file>
        <spirit:name>src/MUX3_1_1B_xup_nand2_0_1/MUX3_1_1B_xup_nand2_0_1.xci</spirit:name>
        <spirit:userFileType>xci</spirit:userFileType>
        <spirit:userFileType>IMPORTED_FILE</spirit:userFileType>
        <spirit:userFileType>CELL_NAME_xup_nand2_0</spirit:userFileType>
      </spirit:file>
      <spirit:file>
        <spirit:name>src/MUX3_1_1B_xup_nand2_1_1/MUX3_1_1B_xup_nand2_1_1.xci</spirit:name>
        <spirit:userFileType>xci</spirit:userFileType>
        <spirit:userFileType>IMPORTED_FILE</spirit:userFileType>
        <spirit:userFileType>CELL_NAME_xup_nand2_1</spirit:userFileType>
      </spirit:file>
      <spirit:file>
        <spirit:name>src/MUX3_1_1B_xup_nand2_2_1/MUX3_1_1B_xup_nand2_2_1.xci</spirit:name>
        <spirit:userFileType>xci</spirit:userFileType>
        <spirit:userFileType>IMPORTED_FILE</spirit:userFileType>
        <spirit:userFileType>CELL_NAME_xup_nand2_2</spirit:userFileType>
      </spirit:file>
      <spirit:file>
        <spirit:name>sim/MUX3_1_1B.vhd</spirit:name>
        <spirit:fileType>vhdlSource</spirit:fileType>
        <spirit:userFileType>IMPORTED_FILE</spirit:userFileType>
        <spirit:define>
          <spirit:name>processing_order</spirit:name>
          <spirit:value>early</spirit:value>
        </spirit:define>
      </spirit:file>
    </spirit:fileSet>
    <spirit:fileSet>
      <spirit:name>xilinx_anylanguagebehavioralsimulation_xilinx_com_xup_xup_or4_1_0__ref_view_fileset</spirit:name>
      <spirit:vendorExtensions>
        <xilinx:subCoreRef>
          <xilinx:componentRef xsi:type="xilinx:componentRefType" xilinx:vendor="xilinx.com" xilinx:library="xup" xilinx:name="xup_or4" xilinx:version="1.0">
            <xilinx:mode xilinx:name="create_mode"/>
          </xilinx:componentRef>
        </xilinx:subCoreRef>
      </spirit:vendorExtensions>
    </spirit:fileSet>
    <spirit:fileSet>
      <spirit:name>xilinx_anylanguagebehavioralsimulation_xilinx_com_user_ATAD_SPLIT_2_1_0__ref_view_fileset</spirit:name>
      <spirit:vendorExtensions>
        <xilinx:subCoreRef>
          <xilinx:componentRef xilinx:vendor="xilinx.com" xilinx:library="user" xilinx:name="ATAD_SPLIT_2" xilinx:version="1.0">
            <xilinx:mode xilinx:name="create_mode"/>
          </xilinx:componentRef>
        </xilinx:subCoreRef>
      </spirit:vendorExtensions>
    </spirit:fileSet>
    <spirit:fileSet>
      <spirit:name>xilinx_anylanguagebehavioralsimulation_xilinx_com_xup_xup_and3_1_0__ref_view_fileset</spirit:name>
      <spirit:vendorExtensions>
        <xilinx:subCoreRef>
          <xilinx:componentRef xilinx:vendor="xilinx.com" xilinx:library="xup" xilinx:name="xup_and3" xilinx:version="1.0">
            <xilinx:mode xilinx:name="create_mode"/>
          </xilinx:componentRef>
        </xilinx:subCoreRef>
      </spirit:vendorExtensions>
    </spirit:fileSet>
    <spirit:fileSet>
      <spirit:name>xilinx_anylanguagebehavioralsimulation_xilinx_com_xup_xup_and4_1_0__ref_view_fileset</spirit:name>
      <spirit:vendorExtensions>
        <xilinx:subCoreRef>
          <xilinx:componentRef xilinx:vendor="xilinx.com" xilinx:library="xup" xilinx:name="xup_and4" xilinx:version="1.0">
            <xilinx:mode xilinx:name="create_mode"/>
          </xilinx:componentRef>
        </xilinx:subCoreRef>
      </spirit:vendorExtensions>
    </spirit:fileSet>
    <spirit:fileSet>
      <spirit:name>xilinx_anylanguagebehavioralsimulation_xilinx_com_xup_xup_nand2_1_0__ref_view_fileset</spirit:name>
      <spirit:vendorExtensions>
        <xilinx:subCoreRef>
          <xilinx:componentRef xilinx:vendor="xilinx.com" xilinx:library="xup" xilinx:name="xup_nand2" xilinx:version="1.0">
            <xilinx:mode xilinx:name="create_mode"/>
          </xilinx:componentRef>
        </xilinx:subCoreRef>
      </spirit:vendorExtensions>
    </spirit:fileSet>
    <spirit:fileSet>
      <spirit:name>xilinx_xpgui_view_fileset</spirit:name>
      <spirit:file>
        <spirit:name>xgui/MUX3_1_1B_v1_0.tcl</spirit:name>
        <spirit:fileType>tclSource</spirit:fileType>
        <spirit:userFileType>CHECKSUM_f64a5dae</spirit:userFileType>
        <spirit:userFileType>XGUI_VERSION_2</spirit:userFileType>
      </spirit:file>
    </spirit:fileSet>
  </spirit:fileSets>
  <spirit:description>MUX3_1_1B_v1_0</spirit:description>
  <spirit:parameters>
    <spirit:parameter>
      <spirit:name>Component_Name</spirit:name>
      <spirit:value spirit:resolve="user" spirit:id="PARAM_VALUE.Component_Name" spirit:order="1">MUX3_1_1B_v1_0</spirit:value>
    </spirit:parameter>
  </spirit:parameters>
  <spirit:vendorExtensions>
    <xilinx:coreExtensions>
      <xilinx:supportedFamilies>
        <xilinx:family xilinx:lifeCycle="Production">artix7</xilinx:family>
      </xilinx:supportedFamilies>
      <xilinx:taxonomies>
        <xilinx:taxonomy>/UserIP</xilinx:taxonomy>
      </xilinx:taxonomies>
      <xilinx:displayName>MUX3_1_1B_v1_0</xilinx:displayName>
      <xilinx:definitionSource>IPI</xilinx:definitionSource>
      <xilinx:coreRevision>2</xilinx:coreRevision>
      <xilinx:coreCreationDateTime>2020-11-05T23:24:54Z</xilinx:coreCreationDateTime>
      <xilinx:tags>
        <xilinx:tag xilinx:name="ui.data.coregen.dd@1b50a0f8_ARCHIVE_LOCATION">c:/Users/james/OneDrive/Bureau/devoir cegep/Universite/INF1500/labo/ip_repo/MUX_3_1_1B</xilinx:tag>
        <xilinx:tag xilinx:name="ui.data.coregen.dd@f44a289_ARCHIVE_LOCATION">c:/Users/james/OneDrive/Bureau/devoir cegep/Universite/INF1500/labo/ip_repo/MUX_3_1_1B</xilinx:tag>
        <xilinx:tag xilinx:name="ui.data.coregen.dd@1e4a3a78_ARCHIVE_LOCATION">c:/Users/james/OneDrive/Bureau/devoir cegep/Universite/INF1500/labo/ip_repo/MUX_3_1_1B</xilinx:tag>
        <xilinx:tag xilinx:name="ui.data.coregen.dd@432132b5_ARCHIVE_LOCATION">c:/Users/james/OneDrive/Bureau/devoir cegep/Universite/INF1500/labo/ip_repo/MUX_3_1_1B</xilinx:tag>
        <xilinx:tag xilinx:name="ui.data.coregen.dd@3abb9921_ARCHIVE_LOCATION">c:/Users/james/OneDrive/Bureau/devoir cegep/Universite/INF1500/labo/ip_repo/MUX_3_1_1B</xilinx:tag>
      </xilinx:tags>
    </xilinx:coreExtensions>
    <xilinx:packagingInfo>
      <xilinx:xilinxVersion>2020.1</xilinx:xilinxVersion>
      <xilinx:checksum xilinx:scope="fileGroups" xilinx:value="0f5a1b3d"/>
      <xilinx:checksum xilinx:scope="ports" xilinx:value="879acd40"/>
      <xilinx:checksum xilinx:scope="parameters" xilinx:value="27f7ec64"/>
    </xilinx:packagingInfo>
  </spirit:vendorExtensions>
</spirit:component>
